local_noon_str,local_noon_lst,ha_S_Long2,beam_S_Long2,sun_attenuation_S_Long2,target_sensitivity_S_Long2,ha_SSE,beam_SSE,sun_attenuation_SSE,target_sensitivity_SSE,ha_SE,beam_SE,sun_attenuation_SE,target_sensitivity_SE,ha_E,beam_E,sun_attenuation_E,target_sensitivity_E,ha_S,beam_S,sun_attenuation_S,target_sensitivity_S,ha_SSW,beam_SSW,sun_attenuation_SSW,target_sensitivity_SSW,ha_SW,beam_SW,sun_attenuation_SW,target_sensitivity_SW,ha_W,beam_W,sun_attenuation_W,target_sensitivity_W,ha_S_Long,beam_S_Long,sun_attenuation_S_Long,target_sensitivity_S_Long,ha_S_Long_Long,beam_S_Long_Long,sun_attenuation_S_Long_Long,target_sensitivity_S_Long_Long
2024-06-17T04:14:18,86.162,nan,-1,nan,nan,8.981302362756168,29,-3.043409246649615,0.8394826382407262,11.521571733135573,61,-3.1673541962192546,0.6898783877349033,58.4831304881759,144,-3.10929992141958,0.4377251639772137,40.46727271666933,67,-3.1023264938512503,0.47126606823546385,-9.00113081177173,36,-3.0442768215972014,0.8584725514666377,-11.541400182151136,68,-3.166734560585788,0.7366672850124245,-46.43667942788929,89,-3.038203471196396,0.46023434074612346,26.495791179582596,18,-3.113638048213408,0.5645637272644605,nan,-1,nan,nan
2024-06-18T04:14:31,87.202,26.495791179582596,18,-3.1127218534077046,0.5639221751915722,8.981302362756168,29,-3.0503018428669186,0.8420607252760827,11.521571733135573,61,-3.16895982033938,0.6952664242790547,58.4831304881759,144,-3.107827281793166,0.43889640089682924,40.46727271666933,67,-3.098352466190602,0.4709548519810875,-9.00113081177173,36,-3.0511655818552876,0.8553306712035295,-11.541400182151136,68,-3.1683544121740663,0.7307758376100325,-46.470104024867965,89,-3.038805970966419,0.45290490939151345,nan,-1,nan,nan,nan,-1,nan,nan
2024-06-19T04:14:44,88.242,nan,-1,nan,nan,8.981302362756168,29,-3.0553202413591305,0.8448280614746219,11.521571733135573,61,-3.1701165979413335,0.7006393224185851,58.4831304881759,144,-3.1067727548797883,0.4401046342992379,-41.48983907504518,62,-3.175342907106419,0.3924759596264029,-9.00113081177173,36,-3.056181148914366,0.8523380693999711,-11.541400182151136,68,-3.1695214729443912,0.7232860412438458,-46.470104024867965,89,-3.039250114313165,0.4457535514108317,nan,-1,nan,nan,70.48256080352073,156,-3.236041947004127,0.4499292277151534
2024-06-20T04:14:57,89.282,nan,-1,nan,nan,8.981302362756168,29,-3.0583973475469524,0.847783812777614,11.521571733135573,61,-3.1708208182254394,0.7059157490449446,58.4831304881759,144,-3.10613340457516,0.4413493969615771,-41.48983907504518,62,-3.1745047852741615,0.3923752238233606,-9.00113081177173,36,-3.059256502724956,0.8494953241357802,-11.541400182151136,68,-3.170231966936515,0.7174450573337162,-58.46953434021279,137,-3.1065284040449717,0.4440737070795483,-26.482195031619483,15,-3.110018873194481,0.5212807688221278,nan,-1,nan,nan
2024-06-21T04:15:10,90.322,-26.482195031619483,15,-3.1098771681159723,0.5211893398054472,8.981302362756168,29,-3.05949160200259,0.8507529800628715,11.521571733135573,61,-3.1710703206667206,0.7113760609397395,58.4831304881759,144,-3.105907359224322,0.4426302199035209,-41.48983907504518,62,-3.1742085550256416,0.3923398380388029,-9.00113081177173,36,-3.060350131017971,0.846802985265176,-11.541400182151136,68,-3.170483694591065,0.7117863760155603,-58.46953434021279,137,-3.1063011307394195,0.44291602516882245,nan,-1,nan,nan,nan,-1,nan,nan
2024-06-22T04:15:23,91.361,nan,-1,nan,nan,8.981302362756168,29,-3.0585887961564855,0.8492732540513953,11.521571733135573,61,-3.1708645057142695,0.7170186211466985,58.4831304881759,144,-3.106093806507633,0.4438264353846588,-41.48983907504518,62,-3.1744528889303174,0.3923697660381641,-9.00113081177173,36,-3.059447841896078,0.8480159533895687,-11.541400182151136,68,-3.17027604396358,0.706311433071016,-58.46953434021279,137,-3.106488590820936,0.44163026388103216,nan,-1,nan,nan,-70.46896465555761,153,-3.234117577151137,0.4496512553801716
2024-06-23T04:15:36,92.401,nan,-1,nan,nan,8.981302362756168,29,-3.0557026668599137,0.8521017953936034,11.521571733135573,61,-3.1702043285492247,0.7228417916399295,46.48370017283108,96,-3.038308559821404,0.44506572074474254,-41.48983907504518,62,-3.175238332846355,0.3924649669760177,-9.00113081177173,36,-3.0565633573028155,0.8450454021898354,-11.541400182151136,68,-3.169609984560984,0.7010216368309723,-58.46953434021279,137,-3.1070910398847036,0.4403809179487053,-26.482195031619483,15,-3.110369556938835,0.5634362585019798,nan,-1,nan,nan
2024-06-24T04:15:49,93.44,-26.482195031619483,15,-3.1110041146307377,0.5638807290978272,8.981302362756168,29,-3.050874224049168,0.855079141873548,11.521571733135573,61,-3.169092278483303,0.7302848903770848,46.4502755758524,96,-3.037879389485635,0.45219559373433976,-40.48710116568489,62,-3.0998707649905,0.47100302154841833,-9.00113081177173,36,-3.0517376417437148,0.8422637027025598,-11.541400182151136,68,-3.1684880464035037,0.6956795616861017,-58.46953434021279,137,-3.1081098210712588,0.43916840835150694,nan,-1,nan,nan,nan,-1,nan,nan
2024-06-25T04:16:01,94.479,nan,-1,nan,nan,8.981302362756168,29,-3.0441699740438617,0.8582045508528738,11.521571733135573,61,-3.1675323676436267,0.7362208215731688,46.4502755758524,96,-3.0373194546445563,0.4595012015998653,-40.48710116568489,62,-3.103687556082168,0.47130611931717636,-9.00113081177173,36,-3.045037128602325,0.8396714958197695,-11.541400182151136,68,-3.1669143081744875,0.6902789898907915,-58.46953434021279,137,-3.109547362965922,0.4379931669924372,nan,-1,nan,nan,-70.46896465555761,153,-3.230739042658052,0.4638174726692272
2024-06-26T04:16:14,95.517,nan,-1,nan,nan,8.981302362756168,29,-3.03567870899608,0.8614773805616874,11.521571733135573,61,-3.1655300127622077,0.7419307147752152,46.4502755758524,96,-3.0365988123583114,0.46698028545876946,-40.48710116568489,62,-3.108657061005547,0.47169672635645526,-8.967706214793054,36,-3.0348138386044594,0.8372693295176089,-11.50797558517246,68,-3.164910303714642,0.685086337773208,-58.46953434021279,137,-3.1114072718163546,0.43667653221266267,-25.47945712225919,15,-3.0560865926889185,0.6432590477526038,nan,-1,nan,nan
2024-06-27T04:16:26,96.554,-25.47945712225919,15,-3.0580804123060807,0.6443697859857621,1.4941926395326561,37,-3.115900818397642,0.8609858411854194,11.521571733135573,61,-3.1630921258292233,0.7477968646647395,46.416850978873725,96,-3.0358038873450415,0.4745519835527211,-40.48710116568489,62,-3.1148168997224785,0.47217476375106,-10.471813078833492,36,-3.112811713966341,0.8350578631589209,-19.529878860054794,56,-3.1808090034825827,0.6767463646850418,-58.46953434021279,137,-3.1136942274448938,0.4351899585798119,nan,-1,nan,nan,nan,-1,nan,nan
2024-06-28T04:16:39,97.591,nan,-1,nan,nan,1.4941926395326561,37,-3.10357058241418,0.8641661902896326,11.521571733135573,61,-3.16022687277003,0.7538178643536114,46.38342638189505,96,-3.0349107422014128,0.4822491966149832,-40.48710116568489,62,-3.122215475904735,0.472740164083495,-10.471813078833492,36,-3.1013736477239333,0.8330376410654556,-19.529878860054794,56,-3.1777383719956838,0.6716954158829428,-58.46953434021279,137,-3.1164141854582987,0.43375542950918416,nan,-1,nan,nan,-60.47501015893337,98,inf,0.49526121535865175
2024-06-29T04:16:51,98.628,nan,-1,nan,nan,1.4941926395326561,37,-3.0897639816518643,0.8674759452553732,19.309502829167172,49,-3.1826625663866843,0.7601400339880321,46.38342638189505,96,-3.0339900083837854,0.4901096556326364,-40.48710116568489,62,-3.1309127178641942,0.512534357683462,-10.471813078833492,36,-3.088538518223733,0.8312092898237669,-19.529878860054794,56,-3.1742217854767096,0.6668694422823086,-58.46953434021279,137,-3.119574202597905,0.4323735382703455,-25.47945712225919,15,-3.0632005045955064,0.6818904174903,nan,-1,nan,nan
2024-06-30T04:17:03,99.663,-25.47945712225919,15,-3.0663382086340842,0.683698132788521,1.4941926395326561,37,-3.0746330238435164,0.870157371306755,19.276078232188496,49,-3.179291161108485,0.7664492465933423,46.35000178491637,96,-3.033089043283781,0.4981308899728872,-40.48710116568489,62,-3.1409823739924048,0.51337747083737,-10.471813078833492,36,-3.074439718721844,0.8295733394174762,-19.529878860054794,56,-3.170271398698936,0.6622699509718247,-58.46953434021279,137,-3.123182692630873,0.4310448226527631,nan,-1,nan,nan,nan,-1,nan,nan
2024-07-01T04:17:14,100.697,nan,-1,nan,nan,2.496930548892948,37,-3.1339262707149467,0.8638640096049702,19.276078232188496,49,-3.1755725716998393,0.7723171822841982,46.316577187937696,96,-3.032235803441811,0.5061844358051668,-40.48710116568489,62,-3.1525138147072953,0.5143197471352636,-11.474550988193783,36,-3.1308443628076232,0.8239386173932242,-19.529878860054794,56,-3.165900707174099,0.6578985235842514,-58.46953434021279,137,-3.1272493177780465,0.4510984918977244,nan,-1,nan,nan,-49.47831775294884,74,-3.1556673788208087,0.5458775377658446
2024-07-02T04:17:26,101.731,nan,-1,nan,nan,2.496930548892948,37,-3.1166368748387474,0.8481151134062692,11.588420927092926,61,-3.145756962980583,0.776902129430958,46.28315259095902,96,-3.031483360919887,0.5142666419340197,-40.48710116568489,62,-3.1656156416072694,0.5153610282970822,-11.474550988193783,36,-3.11514525278529,0.8226863605652545,-19.529878860054794,56,-3.1611241876373084,0.6535637372502815,-58.46953434021279,137,-3.131785290327029,0.44961298450014553,-25.47945712225919,15,-3.073804656881553,0.7190005512768837,nan,-1,nan,nan
2024-07-03T04:17:37,102.763,-25.47945712225919,15,-3.074515445669684,0.7215547051600911,2.496930548892948,37,-3.089423754070243,0.8507621793259168,11.588420927092926,61,-3.14027651728876,0.7825880045268734,46.21630339700167,96,-3.029089578341043,0.5136698845691526,-40.48710116568489,62,-3.1674758801867355,0.5165010764040115,-11.474550988193783,36,-3.093500399777043,0.8258248538765899,-19.529878860054794,56,-3.1550678629679405,0.6494174287713843,-58.46953434021279,137,-3.1355242748463557,0.44793323093043497,nan,-1,nan,nan,nan,-1,nan,nan
2024-07-04T04:17:48,103.794,nan,-1,nan,nan,3.4996684582532396,37,-3.141804567143097,0.8258683329625226,11.55499633011425,61,-3.13422737752231,0.7883951236443895,46.18287880002299,96,-3.0259261965549986,0.5216970292739166,-39.4843632563246,62,-3.102482639015982,0.5935204850972228,-5.4915481290107095,44,-3.340789429515533,0.8208618900038205,-19.529878860054794,56,-3.1481296395760547,0.6455173487079369,-58.46953434021279,137,-3.138946905669907,0.4463331001557142,nan,-1,nan,nan,-49.47831775294884,74,-3.161443635591956,0.5748606126610002
2024-07-05T04:17:58,104.824,nan,-1,nan,nan,3.4996684582532396,37,-3.1106369338474975,0.8286556272062546,11.55499633011425,61,-3.1278023047058534,0.7931706125751518,46.149454203044314,96,-3.0228888630886885,0.5295894393667632,-39.4843632563246,62,-3.1064838659387077,0.5948230096675889,-5.4915481290107095,44,-3.312085073474828,0.8202467352652407,-11.50797558517246,68,-3.1267144885720253,0.6401012355073967,-58.46953434021279,137,-3.1426685453873837,0.4448132922718471,-25.47945712225919,15,-3.0721935936732567,0.7540901355174829,nan,-1,nan,nan
2024-07-06T04:18:09,105.852,-25.47945712225919,15,-3.070907037681832,0.7570045552441133,4.468981770634855,37,-3.1724161356334717,0.7946883889033471,19.209229038231143,49,-3.1483606209418578,0.7982362994911435,46.08260500908696,96,-3.0201283768978935,0.5374706998237573,-39.4843632563246,62,-3.1108159414817633,0.5962209574179994,-5.4915481290107095,44,-3.2832761491139717,0.8198110114775227,-35.47341161888343,49,-3.258731357724204,0.638498230339319,-58.46953434021279,137,-3.1466952029904425,0.4433744183516081,nan,-1,nan,nan,nan,-1,nan,nan
2024-07-07T04:18:18,106.878,nan,-1,nan,nan,4.468981770634855,37,-3.142476387598756,0.7962307546930749,19.209229038231143,49,-3.14178143224453,0.8036145607561017,46.01575581512961,96,-3.0176583531786942,0.5454763276409187,-39.4843632563246,62,-3.115486448306174,0.5977139308436908,-5.4915481290107095,44,-3.254508397288033,0.8195548508502772,-35.47341161888343,49,-3.2586113075808427,0.6353444672435953,-58.46953434021279,137,-3.151033245395188,0.44201713419714395,nan,-1,nan,nan,-48.47557984358855,58,-3.1992075699541522,0.6289110406632946
2024-07-08T04:18:28,107.903,nan,-1,nan,nan,-2.5167589979085108,57,-3.145227812798348,0.7555525673008104,19.175804441252467,49,-3.1350330381322364,0.8090928075901815,57.48039257881561,108,-3.0988475394706105,0.4856191319448319,-39.4843632563246,62,-3.120504063790083,0.5993016026257023,-5.4915481290107095,44,-3.2258990548731656,0.8194782952488936,-35.47341161888343,49,-3.2584838021942315,0.6324415964262134,-58.46953434021279,137,-3.1556899697193175,0.44074195851422326,-25.47945712225919,15,-3.0680891960128127,0.7853074595608225,nan,-1,nan,nan
2024-07-09T04:18:37,108.927,-25.47945712225919,15,-3.0665607030055813,0.788917117224331,-1.514021088548219,57,-3.246322478966777,0.7102891540628807,11.521571733135573,61,-3.099001810974072,0.8058001916805567,45.91548202419358,96,-3.0178084534329637,0.5723068251392583,-39.4843632563246,62,-3.1258780481652777,0.6366829545235869,-6.494286038371001,44,-3.3266287695034675,0.8195813375445714,-35.47341161888343,49,-3.2583489056235804,0.6297906003824746,-58.46953434021279,137,-3.160673117198522,0.43954944801311596,nan,-1,nan,nan,nan,-1,nan,nan
2024-07-10T04:18:45,109.948,nan,-1,nan,nan,-1.514021088548219,57,-3.216618252704401,0.71127261307092,11.488147136156897,61,-3.0911838179900113,0.809383100761386,45.8820574272149,96,-3.016432305685003,0.5804857168981031,-38.48162534696431,62,-3.0936364092365585,0.6716069234704266,-6.494286038371001,44,-3.2997137180188867,0.8198639040804486,-35.47341161888343,49,-3.2582066824250338,0.62739228560313,-58.46953434021279,137,-3.165991286518821,0.4384400876285598,nan,-1,nan,nan,-40.48710116568489,40,inf,0.6867242080305499
2024-07-11T04:18:53,110.968,nan,-1,nan,nan,39.49795940428771,67,-3.1379856363116825,0.7144974296974259,11.488147136156897,61,-3.0831397775938987,0.8130261827540092,45.81520823325755,96,-3.0156258490114016,0.5887760927790608,-38.48162534696431,62,-3.1135708200992567,0.6739176435426708,-6.494286038371001,44,-3.273106104016972,0.8203258733539566,-35.47341161888343,49,-3.2580571983052473,0.6252473397361162,-58.46953434021279,137,-3.171653975347223,0.4374143125054581,-25.47945712225919,15,-3.063272082126044,0.8131435539736072,nan,-1,nan,nan
2024-07-12T04:19:01,111.985,-25.47945712225919,15,-3.055760267148131,0.817450470857616,39.2305626284583,67,-3.1318477421655793,0.7222658924067116,11.45472253917822,61,-3.0744620689615743,0.816728453373894,45.7483590393002,96,-3.0131426093256946,0.5967152618596827,-38.48162534696431,62,-3.121243368245682,0.6763432440463871,-6.494286038371001,44,-3.243312462491587,0.8209670733974688,-35.47341161888343,49,-3.2561588043697927,0.6233563917403266,-58.46953434021279,137,-3.176630136617112,0.43636106208104425,nan,-1,nan,nan,nan,-1,nan,nan
2024-07-13T04:19:08,113.001,nan,-1,nan,nan,38.49522149492742,67,-3.1051066989483145,0.7300891198997955,11.45472253917822,61,-3.0650168585718176,0.818878496903977,45.681509845342845,96,-3.0073768859454066,0.6044677285285198,-37.478887437604016,62,-3.0752140448371104,0.7088495983136432,-6.494286038371001,44,-3.208414637279612,0.8217872748762906,-34.93861806722461,49,-3.166044394493531,0.6217200014180808,-57.4667964308525,137,-3.1111234383276063,0.4353739021805735,nan,-1,nan,nan,-40.48710116568489,40,-3.338167283487677,0.7180544747844383
2024-07-14T04:19:15,114.014,nan,-1,nan,nan,38.29467391305536,67,-3.0894715763680116,0.7380900060719986,11.45472253917822,61,-3.0553758696681643,0.8208491932699528,45.61466065138549,96,-3.0023135105315997,0.6123148054206827,-37.478887437604016,62,-3.0738186353781387,0.7376124201780362,-6.494286038371001,44,-3.1747645632844375,0.8227862216938961,-34.93861806722461,49,-3.16745143765156,0.6203386048693832,-57.4667964308525,137,-3.1188605142482535,0.4344842749702123,-26.482195031619483,15,-3.045333110314116,0.8266801382364557,nan,-1,nan,nan
2024-07-15T04:19:21,115.025,-26.482195031619483,15,-3.0251357565093087,0.8316013764205342,37.9604279432686,67,-3.077829387770824,0.7462665740643135,11.421297942199544,61,-3.045702782418896,0.8228488937817733,57.48039257881561,108,-3.1167983175218823,0.5192887305503538,-37.478887437604016,62,-3.0723705013030065,0.74001691492482,-7.497023947731293,44,-3.3048699108700945,0.8239635961409312,-34.93861806722461,49,-3.168921293508302,0.6192125937183178,-57.4667964308525,137,-3.1270654664084616,0.43369254115818606,nan,-1,nan,nan,nan,-1,nan,nan
2024-07-16T04:19:27,116.034,nan,-1,nan,nan,37.59275737650316,67,-3.071393951868443,0.7544656591578361,11.421297942199544,61,-3.0358849319671966,0.8243772516546505,57.48039257881561,108,-3.117747899577145,0.48962565614621745,-37.478887437604016,62,-3.070870735445248,0.7425118033909126,-7.497023947731293,44,-3.275283525449135,0.8253190685249655,-34.93861806722461,49,-3.1704540200384694,0.6183422547597319,-57.4667964308525,137,-3.135759340132573,0.43299900304935857,nan,-1,nan,nan,-40.48710116568489,40,-3.375917555884346,0.7745838183076155
2024-07-17T04:19:32,117.041,nan,-1,nan,nan,37.158237615780365,67,-3.0717132709529196,0.7615767799259483,11.387873345220868,61,-3.0260458313713885,0.8101498707200899,57.48039257881561,108,-3.118735099152763,0.4929763987077847,-36.476149528243724,62,-3.063389573855121,0.7666096598458291,-7.497023947731293,44,-3.246585069456328,0.8268522467263513,-33.93588015786432,49,-2.9121137207012024,0.6177278262760636,-57.4667964308525,137,-3.144965243553272,0.43240394231674045,-17.490978444355534,6,-3.0604480546771518,0.8490996476546749,nan,-1,nan,nan
2024-07-18T04:19:36,118.046,-17.490978444355534,6,-3.065170438572768,0.8544950206099095,33.48153194812596,43,-3.1519110410572972,0.7724854024947974,11.387873345220868,61,-3.016119091176837,0.8102719694794808,57.48039257881561,108,-3.1197549731553122,0.49620921245959,-35.47341161888343,62,-3.061522367369098,0.7856066201251422,-7.497023947731293,44,-3.2187304207329253,0.828562723178234,-44.49805280312606,61,-3.203541661125431,0.6174432118014663,-57.4667964308525,137,-3.1547044721688664,0.4319075946359431,nan,-1,nan,nan,nan,-1,nan,nan
2024-07-19T04:19:40,119.048,nan,-1,nan,nan,35.98837672152669,67,-3.049843614813386,0.7762231479771211,11.354448748242191,61,-3.004927395701196,0.8103956519269799,57.446967981836934,108,-3.1163212880740065,0.4986972003402525,-35.47341161888343,62,-3.045644300594157,0.7989263963982368,-7.497023947731293,44,-3.184745795471968,0.8304500913676555,-44.49805280312606,61,-3.202755000123535,0.6173484914573184,-57.4667964308525,137,-3.160753864524468,0.4315101575776053,nan,-1,nan,nan,-31.49588457842094,32,-3.21925932474023,0.8187721624979672
2024-07-20T04:19:44,120.048,nan,-1,nan,nan,35.52043236382522,67,-3.0300338354431755,0.7837554005931375,18.941832262401732,49,-3.028164954033099,0.8032415460472794,57.38011878787958,108,-3.113279759657402,0.5012095526094716,-35.47341161888343,62,-3.0298371145909586,0.8024774856956957,-7.931543708454086,44,-3.2372102391852953,0.8235362707226359,-44.49805280312606,61,-3.2019442476897626,0.6174912569300546,-57.4667964308525,137,-3.1670896924466727,0.4312118049586164,-10.471813078833492,3,-3.054076823379899,0.8671300375664314,nan,-1,nan,nan
2024-07-21T04:19:46,121.045,-10.471813078833492,3,-3.057639774554669,0.87341020730222,32.47879403876567,43,-3.133290011804579,0.7989740398009418,9.482671317436314,37,-3.5840274855493957,0.7559019934045063,56.47765466945532,108,-3.0887203000316417,0.5398370542783656,-35.00546726118196,62,-3.018065224333833,0.8061450948321306,-7.931543708454086,44,-3.2070651865038853,0.8257826923539915,-44.49805280312606,61,-3.2011098417011454,0.6178715111064732,-57.4667964308525,137,-3.173720986728676,0.43101268611284616,nan,-1,nan,nan,nan,-1,nan,nan
2024-07-22T04:19:49,122.04,nan,-1,nan,nan,32.47879403876567,43,-3.1808377802858883,0.8069208269068524,9.482671317436314,37,-3.55912007653455,0.7686522000288981,56.47765466945532,108,-3.093138096943139,0.5417895711519198,-34.40382451556579,62,-3.0170061300299316,0.8126259395111435,-8.499761857091585,44,-3.303551683805536,0.837169044901815,-36.476149528243724,49,inf,0.6184980331263276,-56.49748311847088,137,-3.1168952800654934,0.4463806732657085,nan,-1,nan,nan,-31.49588457842094,32,-3.2556317445326153,0.8626954015470787
2024-07-23T04:19:50,123.033,nan,-1,nan,nan,31.47605612940538,43,-3.1413520377593667,0.827837927180772,16.46841208597968,29,-3.335473715415206,0.7815854582227114,56.47765466945532,108,-3.0977298657998302,0.5437592066154947,-33.73533257599226,62,-3.0303242566682074,0.815347976031486,-8.499761857091585,44,-3.2768062986079816,0.8397594431630716,-36.275601946371665,49,-3.03694378461692,0.6194206544811763,-56.49748311847088,137,-3.130523182086048,0.44638030786063726,-11.474550988193783,3,-3.1127234579098664,0.886581203388953,nan,-1,nan,nan
2024-07-24T04:19:51,124.023,-11.474550988193783,3,-3.088575822771461,0.8934706775998174,31.47605612940538,43,-3.1654972837219497,0.8363561843297744,16.46841208597968,29,-3.3143949319818846,0.7939745460295851,56.47765466945532,108,-3.0979745797084153,0.5456043332853142,-33.033416039440056,62,-3.007285616098834,0.8181500017593109,-8.499761857091585,44,-3.247222761860219,0.8425244821260043,-35.57368540981946,49,-3.1486897234786957,0.6205993604903813,-56.49748311847088,137,-3.1409755970796267,0.44649130079597343,nan,-1,nan,nan,nan,-1,nan,nan
2024-07-25T04:19:52,125.011,nan,-1,nan,nan,30.473318220045087,43,-3.0963959780900616,0.8435395760371913,9.482671317436314,37,-3.48266332408197,0.8037185466556248,44.41137516015314,68,-3.186407532578308,0.5542720780099977,-30.49314666906065,38,-3.097862644036748,0.8420228415229701,-9.4690751694732,44,-3.478515007501813,0.8361957315664367,-35.13916564909667,49,-3.158072572367386,0.6220340417994479,-56.49748311847088,137,-3.1507746694809846,0.44671370954681755,nan,-1,nan,nan,-31.49588457842094,32,inf,0.8870910971519763
2024-07-26T04:19:52,125.997,nan,-1,nan,nan,30.473318220045087,43,-3.128989545086582,0.8503036843189353,9.482671317436314,37,-3.4574713929384817,0.8151101111370701,44.34452596619579,68,-3.1808308187280447,0.5688602323212648,-30.49314666906065,38,-3.13004609896622,0.8465097455992677,-9.4690751694732,44,-3.4532791088953583,0.8386363554303625,-35.072316455139315,49,-3.1470231362740275,0.6237245204616946,-56.49748311847088,137,-3.161058627467183,0.44704755539729013,-12.477288897554075,3,-3.0717821816064665,0.905204114426361,nan,-1,nan,nan
2024-07-27T04:19:51,126.98,-12.477288897554075,3,-3.041295326594485,0.9112870509656591,29.470580310684795,43,-3.102756506137023,0.8631010291351968,16.46841208597968,29,-3.252840498363243,0.825407174865122,44.277676772238436,68,-3.1765425248199506,0.5834804518037293,-29.490408759700358,38,-3.10384165564207,0.8651356558040176,-9.4690751694732,44,-3.4288600691813294,0.8412126970174564,-35.03889185816064,49,-3.137230926636202,0.6256705680379958,-56.49748311847088,137,-3.171853866006764,0.44749282277801244,nan,-1,nan,nan,nan,-1,nan,nan
2024-07-28T04:19:50,127.96,nan,-1,nan,nan,29.470580310684795,43,-3.1487862682480143,0.8702896817307727,9.482671317436314,37,-3.40887495674411,0.8353640694744544,44.210827578281084,68,-3.1721515552835315,0.5922769487526898,-29.490408759700358,38,-3.149385426978376,0.868417347028751,-9.4690751694732,44,-3.4046028603942617,0.8439243252151246,-34.972042664203286,49,-3.1278396135792,0.627871905082604,-56.49748311847088,137,-3.1822357921272753,0.44804945957481934,nan,-1,nan,nan,-31.49588457842094,32,inf,0.8888442377265544
2024-07-29T04:19:48,128.938,nan,-1,nan,nan,29.470580310684795,43,-3.125865361065324,0.8753177833594225,9.482671317436314,37,-3.383152148193065,0.8452817913547361,44.14397838432373,68,-3.1636525765217454,0.6064182291873027,-28.487670850340066,38,-3.0867761926593498,0.8782414735871265,-9.4690751694732,44,-3.378833396497865,0.8467707007236991,-34.87176887326726,49,-3.1165877143090968,0.6303281129590689,-56.49748311847088,137,-3.1892315117308856,0.4487173529397359,-14.482764716274659,3,-3.0496841150990015,0.9239379170071791,nan,-1,nan,nan
2024-07-30T04:19:46,129.914,-6.494286038371001,7,-3.057813678561664,0.9256910710810021,29.43715571370612,43,-3.1036377419282126,0.8803037256087681,9.482671317436314,37,-3.3583496294952706,0.8533531189306961,34.81851582727302,56,-3.1077114388409557,0.6206359830674507,-28.487670850340066,38,-3.0892332447751993,0.8818331212841387,-9.4690751694732,44,-3.353988438605102,0.85859025364761,-34.804919679309904,49,-3.1070458783631625,0.6330387258300522,-55.49474520911059,137,-3.1345426846349227,0.4617310679706485,nan,-1,nan,nan,nan,-1,nan,nan
2024-07-31T04:19:43,130.887,nan,-1,nan,nan,28.60154078923921,43,-3.092308403472663,0.8853583530572791,9.482671317436314,37,-3.334404474058055,0.8614965448109237,34.751666633315665,56,-3.0997768645127826,0.6353826129673235,-28.587944641276096,38,-3.0918543026486276,0.8855083716069913,-9.4690751694732,44,-3.3300045511093312,0.8616822878490888,-34.73807048535255,49,-3.099134368356105,0.6360031105517862,-55.49474520911059,137,-3.150268480129599,0.462709456129675,nan,-1,nan,nan,-23.473981303538608,27,-3.2796099767930444,0.9010097343465738
2024-08-01T04:19:39,131.858,nan,-1,nan,nan,27.531953685921565,43,-3.1008333315434533,0.8895000926328352,9.482671317436314,37,-3.311103118249065,0.8693371165266989,43.94343080245167,68,-3.1462449373101045,0.6478442556784898,-23.473981303538608,21,-3.1262045605042945,0.8967480803282966,-9.4690751694732,44,inf,0.8649062798467894,-43.92983465448856,61,-3.1462584813844225,0.6376963272700474,-55.49474520911059,137,-3.166566125256376,0.4638094485060594,-8.499761857091585,7,-3.1016415136016264,0.9308097875753292,nan,-1,nan,nan
2024-08-02T04:19:35,132.826,-9.4690751694732,7,-3.1218075732106003,0.9230703177159598,26.529215776561273,43,-3.036727128975399,0.8919864404281456,17.47114999533997,29,-3.43880965114077,0.8669370652948544,43.84315701151564,68,-3.1358554923457294,0.6611681296979874,-23.473981303538608,21,-3.1505174706203154,0.9000128029861552,-10.471813078833492,44,inf,0.8594918272048068,-43.82956086355253,61,-3.1358088805679656,0.6409122957623218,-55.49474520911059,137,-3.1781205678024267,0.4650306921169762,nan,-1,nan,nan,nan,-1,nan,nan
2024-08-03T04:19:30,133.792,nan,-1,nan,nan,22.48483954214143,24,-3.110096640763278,0.9066478942815981,10.485409226796605,37,-3.590874022408284,0.8537746392378973,34.61796824540096,56,-3.0747897210174893,0.675274636473093,-22.471243394178316,21,-3.1086729985755053,0.9097886006426273,-10.471813078833492,44,-3.5866139494375306,0.8619708790625712,-43.76271166959518,61,-3.127536499213444,0.644361182253661,-55.49474520911059,137,-3.1902188343308406,0.45368384833464287,nan,-1,nan,nan,-23.473981303538608,27,inf,0.8911988092075198
2024-08-04T04:19:25,134.755,nan,-1,nan,nan,21.482101632781138,24,-3.0987612203808874,0.9178577328198754,10.485409226796605,37,-3.568592202923905,0.8590326515218732,34.55111905144361,56,-3.0649689664033897,0.6895373905848903,-22.471243394178316,21,-3.1611761947852672,0.9132927741468249,-17.490978444355534,36,-3.410802636005199,0.8648761944750293,-43.66243787865915,61,-3.121190949764537,0.648042064157433,-55.49474520911059,137,-3.2028945218311495,0.4548579803004989,-10.471813078833492,7,-3.1173384806209925,0.9125935690651801,nan,-1,nan,nan
2024-08-05T04:19:19,135.716,-11.474550988193783,7,-3.174281679326045,0.917159036119314,21.482101632781138,24,-3.1508950196100414,0.9198312283404175,10.485409226796605,37,-3.5463365723019087,0.8620595804342586,34.484269857486254,56,-3.0554990018567003,0.7029745149401161,-22.471243394178316,21,-3.1877168427509726,0.9168666649557822,-17.490978444355534,36,-3.3942986422373203,0.8678895186345376,-43.595588684701795,61,-3.11555690953958,0.6519538439263337,-54.4920072997503,137,-3.1421533491697855,0.4690626175082308,nan,-1,nan,nan,nan,-1,nan,nan
2024-08-06T04:19:13,136.674,nan,-1,nan,nan,21.482101632781138,24,-3.1037301977725913,0.9216521736807254,10.485409226796605,37,-3.5226026986112458,0.8651081254800019,34.4174206635289,56,-3.0443908042580965,0.7162368565767122,-16.488240534995242,13,-3.105391998083944,0.929005093736594,-17.490978444355534,36,inf,0.8710058183866137,-43.495314893765766,61,-3.1078063411373194,0.6559668909637572,-54.4920072997503,137,-3.15962909365279,0.47058467113086755,nan,-1,nan,nan,-25.47945712225919,27,-3.9439040370959493,0.8807054946851273
2024-08-07T04:19:05,137.63,nan,-1,nan,nan,15.499098773598064,20,-3.087469441013982,0.936642643611139,10.485409226796605,37,-3.4997405581910317,0.8671824947240059,34.35057146957155,56,-3.034801765075682,0.7294558370308487,-16.488240534995242,13,-3.1616236533426516,0.9357707672048401,-17.490978444355534,36,inf,0.8883386823687236,-43.42846569980841,61,-3.1021976009935135,0.6600445794973835,-54.4920072997503,137,-3.178141747318319,0.4722127142458496,-12.477288897554075,7,-3.2059684565841073,0.8955740536968301,nan,-1,nan,nan
2024-08-08T04:18:58,138.583,-12.477288897554075,7,inf,0.8986604808894862,14.496360864237772,20,-3.1060543929751603,0.9423268866413217,17.47114999533997,29,-3.3395696205067176,0.8676432075940105,43.30836345985682,68,-3.1018788933579615,0.7436637372740028,-10.471813078833492,9,-3.1213766672602166,0.9454650664844617,-17.490978444355534,36,-3.3449083643971833,0.8916796863653617,-43.29476731189371,61,-3.1018412907275006,0.6719461818844863,-54.4920072997503,137,-3.1977913160861178,0.47394616782072,nan,-1,nan,nan,nan,-1,nan,nan
2024-08-09T04:18:49,139.534,nan,-1,nan,nan,13.49362295487748,20,-3.0757733220231462,0.942453319849915,17.47114999533997,29,-3.3229746118999666,0.8686497174865816,43.24151426589947,68,-3.0956652433946807,0.754651634236317,-10.471813078833492,9,-3.1844919836190995,0.9484193413454729,-17.490978444355534,36,-3.328222376602608,0.8943165815551095,-43.227918117936355,61,-3.0956289137830044,0.6770485101491189,-54.4920072997503,137,-3.2147174842037174,0.47578429427633356,nan,-1,nan,nan,-25.813703092045955,27,-3.998303044543745,0.8676730030303346
2024-08-10T04:18:40,140.482,nan,-1,nan,nan,13.49362295487748,20,-3.0638117122949895,0.9425810435143911,10.485409226796605,37,-3.4319303486439052,0.8656169560539134,43.14124047496344,68,-3.0883944433052317,0.7649913288159531,-10.471813078833492,9,-3.212630384057673,0.9502368478859566,-10.471813078833492,44,inf,0.8874340975835633,-43.495314893765766,61,inf,0.6819859867794849,-43.62901328168047,121,-3.0071925914220143,0.4835537616411552,-13.480026806914367,7,-3.242582940184425,0.9043935807275297,nan,-1,nan,nan
2024-08-11T04:18:31,141.428,-13.480026806914367,7,-3.210187388265145,0.9054062384476845,6.474457589355438,9,-3.0551674748384032,0.9507170245589048,10.485409226796605,37,-3.4098867679645735,0.8624093522161063,43.074391281006086,68,-3.0828387505990267,0.7632065275832296,-10.471813078833492,9,-3.2431604028847443,0.9507344085559188,-10.471813078833492,44,inf,0.8889406771158901,-43.09421973002165,61,-3.0827607417259086,0.6871416147273944,-53.48926939039001,137,-3.157669237528612,0.48968984388194325,nan,-1,nan,nan,nan,-1,nan,nan
2024-08-12T04:18:21,142.371,nan,-1,nan,nan,6.474457589355438,9,-3.1053257509066223,0.9480089709861127,10.485409226796605,37,-3.387967616555434,0.8591841161521182,43.00754208704873,68,-3.0777010928006203,0.7721190766741048,-10.471813078833492,9,-3.234979915411021,0.9512400033391598,-10.471813078833492,44,inf,0.8904881150272015,-43.027370536064296,61,-3.0775845392024324,0.6925138328753128,-53.48926939039001,137,-3.1837176399951166,0.49203873270612697,nan,-1,nan,nan,-26.51561962859816,27,-3.9096569572164857,0.8525433100276834
2024-08-13T04:18:10,143.312,nan,-1,nan,nan,6.474457589355438,9,-3.026480410466299,0.9452757632344195,10.485409226796605,37,-3.36465603081105,0.8535729460269763,42.94069289309138,68,-3.070159194836292,0.779581659234919,-10.471813078833492,9,-3.1095135341020654,0.9517535311695494,-10.471813078833492,44,inf,0.8920760571695489,-42.92709674512827,61,-3.0700311949844266,0.6981010899262723,-53.48926939039001,137,-3.2059171478496555,0.49419751156381253,-21.468505484818024,3,-3.220643383949624,0.9369862158351205,nan,-1,nan,nan
2024-08-14T04:17:59,144.251,-21.468505484818024,3,-3.199246112507921,0.9386215996743706,-0.4778585822092509,13,inf,0.9248588698849689,-0.5112831791879273,38,-4.065562716857572,0.8312981535828715,42.87384369913403,68,-3.0645415621953593,0.7864769979114279,-11.474550988193783,9,-3.026774299523992,0.9506815357875605,-8.934281617814378,44,-2.8295686457776634,0.8933602846724892,-42.860247551170914,61,-3.064440848834275,0.7034931698889381,-53.48926939039001,137,-3.2296184834142174,0.4964476676852609,nan,-1,nan,nan,nan,-1,nan,nan
2024-08-15T04:17:47,145.187,nan,-1,nan,nan,2.496930548892948,13,-3.0583578504086035,0.9030667916620458,19.476625814060554,9,-3.265991828302088,0.8471676542785395,42.773569908198,68,-3.0607942517777933,0.7932264551269608,-4.488810219650418,20,-3.135607263466249,0.938458332346633,-10.471813078833492,44,-3.3174815446408177,0.8932071253264875,-42.79339835721356,61,-3.0606947755975416,0.7089779172235499,-53.48926939039001,137,-3.255004676642772,0.49879346555610343,nan,-1,nan,nan,-27.51835753795845,47,-3.6519974433291176,0.8353874256970799
2024-08-16T04:17:35,146.121,nan,-1,nan,nan,6.474457589355438,13,-3.0406229915362495,0.747717450663278,19.476625814060554,9,-3.1703367782718206,0.8613444695996391,42.706720714240646,68,-3.053418969340041,0.797837401205792,0.5248793271510408,24,-3.09441109333439,0.8966295565829486,-18.15947038392906,36,-3.3126974262239646,0.891805976882796,-43.495314893765766,61,inf,0.7146544676635391,-43.127644327000326,121,-3.056192050176616,0.5023331544984323,-29.490408759700358,6,-3.198445076775383,0.9406543817583791,nan,-1,nan,nan
2024-08-17T04:17:22,147.053,-22.471243394178316,3,-3.36381629700559,0.9367375342190909,40.09960214990389,55,-3.0518760767467676,0.7264093903054428,20.479363723420846,9,-3.2069635684573674,0.8755466443493454,42.63987152028329,68,-3.0478055426534896,0.8024570662300637,-1.4805964915695426,24,-3.1159396823003673,0.8422525966968187,-18.126045786950385,36,-3.287439146046523,0.8923908482792345,-43.495314893765766,61,inf,0.7205212531528394,-43.027370536064296,121,-3.066936380983112,0.5054986593337443,nan,-1,nan,nan,nan,-1,nan,nan
2024-08-18T04:17:08,147.983,nan,-1,nan,nan,39.49795940428771,55,-3.0549663188161396,0.7604883145440845,20.479363723420846,9,-3.142980082685201,0.8889785251925076,42.57302232632594,68,-3.0440884797968715,0.805971625939036,-39.4843632563246,50,-3.0541537911820136,0.826953777493566,-18.126045786950385,36,-3.2637385964616517,0.9069968454605702,-43.495314893765766,61,inf,0.7265767717739506,-42.92709674512827,121,-3.0799126280182336,0.5087803805361121,nan,-1,nan,nan,-29.523833356679035,47,-3.164056075447922,0.8434485813614652
2024-08-19T04:16:54,148.911,nan,-1,nan,nan,36.48974567620684,35,-3.2652607197850925,0.6095737450219885,13.49362295487748,13,-3.311609927471407,0.8964290473212725,42.47274853538991,68,-3.0381575488254833,0.8080703293952706,-36.476149528243724,30,-3.2626889975385773,0.7958364470686784,-18.09262118997171,36,-3.2385273458674524,0.9066391628693989,-43.495314893765766,61,inf,0.7328196072272105,-42.860247551170914,121,-3.0902128300057163,0.5118988847324801,-22.471243394178316,3,-3.3349734493279675,0.9335981327075312,nan,-1,nan,nan
2024-08-20T04:16:40,149.836,-22.471243394178316,3,-3.321779649976087,0.9530666126579656,35.487007766846546,35,-3.1979260987686455,0.6622619053675388,13.49362295487748,13,-3.2304000971152553,0.907312758914344,42.40589934143256,68,-3.033296202125075,0.8101716771691716,-35.47341161888343,30,-3.1954626905915458,0.8318203225249841,-18.059196592993032,36,-3.2143600603779374,0.9051387226155643,-43.495314893765766,61,inf,0.7385669399803699,-42.759973760234885,121,-3.1013806268233894,0.5149768912047705,nan,-1,nan,nan,nan,-1,nan,nan
2024-08-21T04:16:25,150.76,nan,-1,nan,nan,34.484269857486254,35,-3.1636251548642127,0.7122185751290613,13.49362295487748,13,-3.1613815038354742,0.9161945484505007,42.339050147475206,68,-3.030267804794699,0.8100577535743682,-34.47067370952314,30,-3.1611268054748556,0.8612766509239542,-17.99234739903568,36,-3.191559775129931,0.9036078715662871,-43.495314893765766,61,inf,0.7443939870505696,-42.659699969298856,121,-3.1150489977392253,0.5181539064072095,nan,-1,nan,nan,-20.532616769415085,53,-3.298333412939155,0.8470412971308321
2024-08-22T04:16:10,151.681,nan,-1,nan,nan,34.484269857486254,35,-3.197608197911411,0.7149732407361736,14.496360864237772,13,-3.276302426839551,0.9178527608512207,42.27220095351785,68,-3.025927270880503,0.8094546707643182,-34.47067370952314,30,-3.1955763518469267,0.8676074566053842,-17.99234739903568,36,-3.1674672244041195,0.9020468545545465,-43.495314893765766,61,inf,0.750382205357296,-42.55942617836283,121,-3.128387665904326,0.5214289942528489,-22.471243394178316,3,-3.2973603340789563,0.9455909445351002,nan,-1,nan,nan
2024-08-23T04:15:54,152.601,-22.471243394178316,3,-3.286404038635364,0.9402071398071086,33.48153194812596,35,-3.1344301888257675,0.7611281667302959,14.496360864237772,13,-3.2127709922825884,0.9254886194581442,42.2053517595605,68,-3.0223719125041444,0.8082692032979173,-33.46793580016285,30,-3.1326760084518486,0.8971188716858695,-17.958922802057003,36,-3.1439381821100545,0.9001237939224943,-42.19175561159739,61,-3.0220713188669093,0.7565301971033456,-51.48379357166942,137,-3.223015311502489,0.5267926058532523,nan,-1,nan,nan,nan,-1,nan,nan
2024-08-24T04:15:38,153.519,nan,-1,nan,nan,32.47879403876567,35,-3.124559257294472,0.8023890288654113,7.47719549871573,21,-3.242423001798844,0.9175840584294999,42.03822877466712,44,-3.2548765775523516,0.7529187320031747,-33.46793580016285,30,-3.1885572013585946,0.9039563292995234,-17.925498205078327,36,-3.121738460442343,0.8962235247744871,-53.48926939039001,70,inf,0.7109938025820991,-51.48379357166942,137,-3.2625697568574528,0.5294244829712662,nan,-1,nan,nan,-20.532616769415085,53,-3.2475220187254585,0.847814800365737
2024-08-25T04:15:21,154.436,nan,-1,nan,nan,32.47879403876567,35,-3.1063711503965474,0.8026135370737422,15.499098773598064,13,-3.3549726139811633,0.9177086928159107,42.00480417768844,44,-3.2406436421256064,0.769029985607242,-33.46793580016285,30,-3.127267089163058,0.9079769540622792,-17.89207360809965,36,-3.0989937323239913,0.8922527046128323,-53.48926939039001,70,inf,0.7149663153148453,-51.48379357166942,137,-3.298535380423456,0.5318099259964905,-22.471243394178316,3,-3.266402347883575,0.9418572671177087,nan,-1,nan,nan
2024-08-26T04:15:04,155.351,-22.471243394178316,3,-3.257605895227697,0.9349530526158044,31.47605612940538,35,-3.0482475233232944,0.8368108686370711,15.499098773598064,13,-3.3045550620826987,0.9205412882638956,41.93795498373109,44,-3.227135906964484,0.7839987579636971,-32.43177329382388,30,-3.0641674966985213,0.9120644939161314,-17.89207360809965,36,-3.077224132699592,0.8882120244912357,-52.486531481029715,70,inf,0.7397520105492661,-51.48379357166942,137,-3.3361562274778676,0.5342582093685031,nan,-1,nan,nan,nan,-1,nan,nan
2024-08-27T04:14:47,156.264,nan,-1,nan,nan,30.473318220045087,35,-3.044957745861213,0.8644508363031633,8.479933408076022,21,-3.3316069012696548,0.9075987423960288,41.90453038675241,44,-3.2151088657405222,0.7981914046085709,-27.484932940979775,14,-3.223231306628171,0.9216839456912079,-17.858649011120974,36,-3.056740255334917,0.8837232127248639,-52.118860914264275,70,-3.08211663571433,0.7440849863295873,-42.32545399951209,121,-3.2115400429985628,0.5373179710876639,nan,-1,nan,nan,-47.472841934228256,52,-3.0637350712810427,0.8482187434468119
2024-08-28T04:14:30,157.176,nan,-1,nan,nan,26.495791179582596,19,-3.1391913534252764,0.7666974614731872,16.46841208597968,13,-3.549452457428669,0.8954213914864683,41.83768119279506,44,-3.201574248281763,0.8123774931494414,-26.482195031619483,14,-3.137562247014736,0.9362769911759155,-17.825224414142298,36,-3.0346321002376246,0.8771452726162321,-52.0854363172856,70,-3.0827210954847284,0.7485153500675286,-42.19175561159739,121,-3.2373250416291652,0.5406792496640528,-20.49919217243641,11,-3.63126156416659,0.9061678141121112,nan,-1,nan,nan
2024-08-29T04:14:12,158.087,-21.468505484818024,11,-3.736816712004994,0.9154090966927517,26.495791179582596,19,-3.193324503430771,0.7135093662494761,16.46841208597968,13,-3.5081434570619936,0.8931293638004358,33.1472859783392,36,-3.1088337630855647,0.8245607195118615,-26.482195031619483,14,-3.192279505920591,0.9400742590556885,-24.4767192128989,9,inf,0.8692626076315093,-52.018587123328246,70,-3.083900289840702,0.752527804810362,-42.15833101461871,121,-3.2564338312793257,0.5434165152063346,nan,-1,nan,nan,nan,-1,nan,nan
2024-08-30T04:13:53,158.996,nan,-1,nan,nan,24.490315360862013,19,-3.098521924750253,0.8067159622555623,16.46841208597968,13,-3.4695681427238587,0.8897347327121288,33.080436784381845,36,-3.0926302233944267,0.8376463882914462,-25.47945712225919,14,-3.1811622117944003,0.9454336633400179,-22.939187751879786,9,-3.0831701952081563,0.8796548119030118,-51.98516252634957,70,-3.08567387984989,0.755815831875035,-42.09148182066136,121,-3.277178301748657,0.5461795264981705,nan,-1,nan,nan,-47.472841934228256,52,-3.1397105552839273,0.8487796710996968
2024-08-31T04:13:35,159.903,nan,-1,nan,nan,24.490315360862013,19,-3.0734087672104002,0.8026599539487433,16.46841208597968,13,-3.4294789342907164,0.8859536717344916,33.04701218740317,36,-3.075582356973677,0.8497617606309337,-20.49919217243641,5,-3.1643589512182024,0.9523580238231282,-25.21206034642978,9,-3.6867270248466206,0.8892924518741111,-51.95173792937089,70,-3.087075702870103,0.759170699389787,-42.05805722368268,121,-3.2960657513630136,0.5490027676383813,-21.468505484818024,11,inf,0.9307275862753217,nan,-1,nan,nan
2024-09-01T04:13:16,160.81,-21.468505484818024,11,inf,0.9374226175910215,24.490315360862013,19,-3.0495201517761927,0.7960906012954254,16.46841208597968,13,-3.3925532791541895,0.8788063772522103,33.01358759042449,36,-3.0598288759165806,0.8602399428332668,-19.496454263076117,5,-3.1457117413597215,0.9659770432910397,-25.145211152472427,9,-3.6447965783651974,0.897798333916106,-51.88488873541354,70,-3.0890514257742256,0.7625914473439457,-41.99120802972533,121,-3.3168868363766015,0.5518852307972295,nan,-1,nan,nan,nan,-1,nan,nan
2024-09-02T04:12:56,161.715,nan,-1,nan,nan,16.93635644368115,8,-2.973594367879434,0.7628856061068726,19.476625814060554,1,-4.019980571163178,0.8755296509055734,41.603709013944325,44,-3.1457560094217536,0.8653082880845311,-14.482764716274659,1,-3.196180355495687,0.9708000302562352,-25.11178655549375,9,-3.6041418031984396,0.9064261550509618,-52.018587123328246,70,-3.086668202006648,0.7655983724400605,-41.95778343274665,121,-3.339008750277609,0.5540609015499631,nan,-1,nan,nan,-49.47831775294884,52,-3.3696335910561404,0.8427130702256305
2024-09-03T04:12:37,162.62,nan,-1,nan,nan,16.93635644368115,8,-3.021847847960274,0.756750064996002,19.476625814060554,1,-3.9839317529475777,0.8920999453671431,41.57028441696565,44,-3.1347341922076244,0.8722289387220182,-13.480026806914367,1,-3.159484520147634,0.9814385749537466,-25.078361958515075,9,-3.5626192871258304,0.9151742440887447,-51.81803954145619,70,-3.091425483070168,0.767564428900396,-41.8909342387893,121,-3.361359264557018,0.5561495539970482,-22.471243394178316,11,-3.7336656798009167,0.9486385553336452,nan,-1,nan,nan
2024-09-04T04:12:17,163.523,-22.471243394178316,11,-3.6955074617854495,0.9524568473611522,16.93635644368115,8,-3.0761307541893914,0.7970600862700641,19.476625814060554,1,-3.950470073452282,0.9071355404451598,41.503435223008296,44,-3.1247835251473037,0.8783818411868081,-13.480026806914367,1,-3.2756200223399814,0.9806610920104154,-25.078361958515075,9,-3.525032990331409,0.9217878902663317,-42.492576984405474,61,inf,0.8115567780602924,-41.85750964181062,121,-3.3860026721736354,0.5582774126540583,nan,-1,nan,nan,nan,-1,nan,nan
2024-09-05T04:11:57,164.425,nan,-1,nan,nan,16.93635644368115,8,-3.017211689241993,0.7889078857880811,19.476625814060554,1,-3.816826476591493,0.9221710189727688,41.47001062602962,44,-3.114790027143239,0.8841771026925289,-13.480026806914367,1,-3.300447791100408,0.979877163698551,-25.044937361536398,9,-3.486961951480203,0.9281678265842278,-42.492576984405474,61,inf,0.8152956974601975,-41.79066044785327,121,-3.411717709504518,0.5603701806273544,nan,-1,nan,nan,-39.250391077473864,47,-3.0259103276283676,0.8449355051127199
2024-09-06T04:11:37,165.326,nan,-1,nan,nan,10.485409226796605,1,-3.0761729964672817,0.797239139798155,19.476625814060554,1,-3.6717436289016234,0.9339839029833074,41.43658602905094,44,-3.105028488725913,0.8871038720102471,-13.480026806914367,1,-3.2563191261289974,0.9764228312555959,-25.01151276455772,9,-3.450132456833848,0.9346290071897321,-42.492576984405474,61,inf,0.8181599415795289,-41.75723585087459,121,-3.4387526809936193,0.5615359879415011,-22.471243394178316,11,-3.623006085155473,0.9587569109946207,nan,-1,nan,nan
2024-09-07T04:11:17,166.226,-23.473981303538608,11,-3.9303646379871418,0.9594573327336768,9.482671317436314,1,-3.071350264106337,0.8277337647286959,19.476625814060554,1,-3.562731964424774,0.9454641540737608,41.40316143207227,44,-3.096026799470979,0.8900216942117523,-13.480026806914367,1,-3.2160847856228783,0.9717464222212282,-25.47945712225919,9,inf,0.9397361454398913,-42.492576984405474,61,inf,0.8201537782686098,-41.69038665691724,121,-3.4687168895055165,0.5627214165790247,nan,-1,nan,nan,nan,-1,nan,nan
2024-09-08T04:10:56,167.126,nan,-1,nan,nan,4.468981770634855,5,-3.0856330534404193,0.7231053303599723,19.476625814060554,1,-3.40797626679111,0.9557264157854675,41.36973683509359,44,-3.0884382571457447,0.8914289084941468,-13.480026806914367,1,-3.031375055698825,0.9670350090772177,-24.94466357060037,9,-3.3809202592682746,0.9434256717735022,-42.492576984405474,61,inf,0.822178703818604,-41.656962059938564,121,-3.4985456303676044,0.56392607081161,nan,-1,nan,nan,-41.48983907504518,47,inf,0.8352645993976997
2024-09-09T04:10:35,168.025,nan,-1,nan,nan,6.474457589355438,5,-3.103061897776518,0.6071292169199476,19.476625814060554,1,-3.290136030760216,0.9632897438601404,41.336312238114914,44,-3.0814367414874586,0.8909897423044196,-6.494286038371001,8,-3.10415488316106,0.9444567275411404,-25.47945712225919,9,inf,0.9471581343744757,-42.492576984405474,61,inf,0.8242342181181418,-41.42298988108783,89,-3.138733736434791,0.5723839702315295,-23.473981303538608,11,-3.874102285669006,0.9601270112508264,nan,-1,nan,nan
2024-09-10T04:10:14,168.923,-23.473981303538608,11,-3.8482847396169126,0.957568106403159,37.49248358556713,28,-3.2671010940146736,0.6017977693678076,19.476625814060554,1,-3.1843929039997545,0.9708431826572519,41.30288764113624,44,-3.074719565518365,0.8905522835676517,-8.499761857091585,8,-3.092742674217576,0.9112689929728082,-25.47945712225919,9,inf,0.9501567998550031,-42.492576984405474,61,inf,0.8243751115258215,-41.38956528410915,89,-3.1544263352275643,0.5811555744392032,nan,-1,nan,nan,nan,-1,nan,nan
2024-09-11T04:09:53,169.82,nan,-1,nan,nan,36.48974567620684,28,-3.170958521758588,0.6499542158009651,20.479363723420846,1,-3.219599994753123,0.9754610918074791,41.30288764113624,44,-3.067976088716731,0.8875162088662726,-36.476149528243724,26,-3.1685847909514417,0.9017074488458601,-24.877814376643016,9,-3.2847834617695684,0.9507783281692693,-42.492576984405474,61,inf,0.8243719738821801,-41.35614068713048,89,-3.1704586167831654,0.590571920115812,nan,-1,nan,nan,-42.492576984405474,47,inf,0.8211620339012238
2024-09-12T04:09:32,170.717,nan,-1,nan,nan,36.48974567620684,28,-3.2353991412252565,0.6484446800149604,21.482101632781138,1,-3.326614374523121,0.9687637090592465,41.26946304415756,44,-3.061600885997256,0.8836979551961541,-36.476149528243724,26,-3.2335098773867563,0.9074461549982141,-25.47945712225919,9,inf,0.9514064652296926,-42.492576984405474,61,inf,0.824368793201211,-41.3227160901518,89,-3.1876183733668064,0.5992810788942541,-23.473981303538608,11,-3.8004951985283544,0.9520599468260987,nan,-1,nan,nan
2024-09-13T04:09:11,171.614,-24.4767192128989,11,-4.137650655204963,0.9462044614630799,35.487007766846546,28,-3.148339559623356,0.6936875112218333,21.482101632781138,1,-3.244189148827301,0.9717530985185004,41.236038447178885,44,-3.0549572512383274,0.8797263235191859,-35.47341161888343,26,-3.146680510844426,0.9205534982352845,-25.47945712225919,9,inf,0.9516801430605492,-42.492576984405474,61,inf,0.8231570867056752,-41.289291493173124,89,-3.2043451789533237,0.6074688518256237,nan,-1,nan,nan,nan,-1,nan,nan
2024-09-14T04:08:49,172.51,nan,-1,nan,nan,35.487007766846546,28,-3.121783403940573,0.6889637441033086,14.496360864237772,5,-3.3853059897457154,0.9612249325804388,41.236038447178885,44,-3.048362997633296,0.8725949306101966,-35.47341161888343,26,-3.120803509987771,0.9256648309293478,-24.84438977966434,9,-3.1974794160602666,0.9489425902304933,-42.492576984405474,61,inf,0.8208531201525537,-41.189017702237095,89,-3.2370368797096702,0.615891307447886,nan,-1,nan,nan,-43.495314893765766,47,inf,0.8041945225228548
2024-09-15T04:08:28,173.406,nan,-1,nan,nan,34.484269857486254,28,-3.0896424201265202,0.7283074043408484,14.496360864237772,5,-3.307708437268155,0.9597568854374013,41.20261385020021,44,-3.0420664308017815,0.8655012982431016,-30.49314666906065,10,-3.32835433279077,0.9318858371985879,-25.47945712225919,9,inf,0.9461783796259812,-42.492576984405474,61,inf,0.8185203721030282,-41.189017702237095,89,-3.2557326278673093,0.624516108926823,-24.4767192128989,11,-4.088384132663302,0.9341904778003266,nan,-1,nan,nan
2024-09-16T04:08:06,174.302,-24.4767192128989,11,-4.064779931314144,0.9251048050561664,29.470580310684795,12,-3.2200605173161465,0.6233755640666794,22.48483954214143,1,-3.298308603244708,0.9475539039880598,41.20261385020021,44,-3.038978256608918,0.8574856929714866,-29.490408759700358,10,-3.222891323138962,0.9499396985482296,-26.482195031619483,9,inf,0.9431609374467327,-42.492576984405474,61,inf,0.8154968062289402,-41.15559310525842,89,-3.276730100410267,0.6323748476188931,nan,-1,nan,nan,nan,-1,nan,nan
2024-09-17T04:07:45,175.197,nan,-1,nan,nan,28.467842401324503,12,-3.1726101152202735,0.6717561778147203,15.499098773598064,5,-3.454392931226333,0.933524515013812,41.236038447178885,24,-3.221917631044015,0.8599064844231049,-28.487670850340066,10,-3.175206215981436,0.9581370563751792,-24.777540585706987,9,-3.1181805089048598,0.9368740534744026,-42.492576984405474,61,inf,0.8106765232772233,-41.15559310525842,89,-3.2988914056941354,0.6402629533734826,nan,-1,nan,nan,-45.46736611550767,47,-3.8243378999749575,0.7841170517924623
2024-09-18T04:07:23,176.093,nan,-1,nan,nan,28.467842401324503,12,-3.2382860468408836,0.6676855869339385,15.499098773598064,5,-3.3873177073011944,0.9280992491064087,41.236038447178885,24,-3.206503384899501,0.8717226112891281,-28.487670850340066,10,-3.240182811306699,0.960079680957641,-25.47945712225919,9,inf,0.9305349113638834,-42.492576984405474,61,inf,0.8058013429506654,-41.12216850827974,89,-3.322355153371951,0.6482408849381585,-24.84438977966434,11,-4.056664322000026,0.9065100106170015,nan,-1,nan,nan
2024-09-19T04:07:02,176.989,-24.810965182685663,11,-4.0324722891879965,0.894357167872326,27.498529088942888,12,-3.147628034254824,0.7099130208921081,15.499098773598064,5,-3.3213563015936747,0.9195262840825578,41.236038447178885,24,-3.1908363343522024,0.8819889619958179,-28.487670850340066,10,-3.219890426295259,0.9620320817784717,-25.47945712225919,9,inf,0.9237739935401679,-42.492576984405474,37,inf,0.8049159205085786,-41.12216850827974,89,-3.347437917163483,0.6553621460165867,nan,-1,nan,nan,nan,-1,nan,nan
2024-09-20T04:06:40,177.885,nan,-1,nan,nan,26.495791179582596,12,-3.1201578681033784,0.7476501938603057,19.476625814060554,0,-3.6402826335745235,0.9068094652389915,41.236038447178885,24,-3.175692927291,0.8907335021587619,-22.471243394178316,2,-3.2502599779640278,0.9778062749809737,-25.01151276455772,9,-3.0288373718837835,0.9138764059343156,-51.5172181686481,57,-3.0450378598677537,0.8018220415630061,-41.12216850827974,89,-3.374099109240399,0.6623689960769688,nan,-1,nan,nan,-44.531477400104734,47,-3.661802342805416,0.7601707604820414
2024-09-21T04:06:19,178.781,nan,-1,nan,nan,26.495791179582596,12,-3.0355566479681926,0.7383623951804531,19.476625814060554,0,-3.741499998865607,0.9230547828640266,41.236038447178885,24,-3.162331617763721,0.8994165117336181,-21.468505484818024,2,-3.170823656045208,0.9854006333279368,-26.482195031619483,1,inf,0.9129191833265774,-51.5172181686481,57,-3.051584048278948,0.8101084115314161,-41.12216850827974,89,-3.3990347681239346,0.6694480918516595,-24.810965182685663,27,-4.57945040039,0.9006564881499585,nan,-1,nan,nan
2024-09-22T04:05:58,179.678,-24.810965182685663,27,-4.528690618925203,0.9073428974343466,18.50731250167894,4,inf,0.6873560385157503,19.476625814060554,0,-3.8573539334350397,0.9361925815481076,41.236038447178885,24,-3.1495597316477877,0.9059719796843303,-21.468505484818024,2,-3.2515228876173974,0.9850836789835734,-26.482195031619483,1,inf,0.925854877300238,-51.5172181686481,57,-3.059811830518873,0.8182251498577114,-41.12216850827974,89,-3.424915023275798,0.6754837818207016,nan,-1,nan,nan,nan,-1,nan,nan
2024-09-23T04:05:36,-179.425,nan,-1,nan,nan,17.504574592318647,4,inf,0.7279122271937718,19.476625814060554,0,-3.9535029070670515,0.9492668588782467,41.236038447178885,24,-3.137352836712875,0.9113870285001368,-15.48550262563495,0,-3.236780163219383,0.9853010138161634,-24.710691391749634,1,-3.585948216193,0.9363622069228887,-51.5172181686481,57,-3.065571904465819,0.8242699212117834,-41.12216850827974,89,-3.4531169581440704,0.6813564541453747,nan,-1,nan,nan,-48.47557984358855,47,-3.4796596345549418,0.7329047516096162
2024-09-24T04:05:15,-178.526,nan,-1,nan,nan,17.504574592318647,4,inf,0.7164597979176746,19.476625814060554,0,-3.9179450693137268,0.9607001204253707,41.236038447178885,24,-3.125981388458376,0.916758543531224,-14.482764716274659,0,-3.1832120887616147,0.9909693825809212,-26.482195031619483,1,inf,0.946948129508847,-51.550642765626776,57,-3.065052902643858,0.8303721366196298,-41.12216850827974,89,-3.4850564816906657,0.6872834834994562,-24.777540585706987,27,-4.418479391982706,0.9198170815287304,nan,-1,nan,nan
2024-09-25T04:04:55,-177.628,-24.777540585706987,27,-4.372104201807423,0.9232694500952461,17.504574592318647,4,inf,0.7042178169200445,19.476625814060554,0,-3.8850680596847136,0.9698430550643684,41.236038447178885,24,-3.1148961549954635,0.919646105458224,-13.480026806914367,0,-3.1850001202422145,0.9854219371076913,-26.482195031619483,1,inf,0.9561721292671936,-42.492576984405474,37,inf,0.8606901646536835,-41.12216850827974,89,-3.5195456994693877,0.6918530824693558,nan,-1,nan,nan,nan,-1,nan,nan
2024-09-26T04:04:34,-176.728,nan,-1,nan,nan,12.490885045517189,0,-3.1151635089644927,0.6924356113949146,19.476625814060554,0,-3.7255557779400794,0.9789326140855188,41.26946304415756,24,-3.1042033435751057,0.9216631914205199,-13.480026806914367,0,-3.191636439293301,0.9775248308289495,-24.677266794770958,1,-3.453825494814723,0.9632585421868451,-42.492576984405474,37,inf,0.8665571406729787,-41.12216850827974,89,-3.552822810988442,0.6963438912406178,nan,-1,nan,nan,-49.47831775294884,75,-4.1347546797823025,0.7239312659691709
2024-09-27T04:04:14,-175.828,nan,-1,nan,nan,12.490885045517189,0,-3.091612599703459,0.6782640900016352,19.476625814060554,0,-3.5768509354464966,0.985317632801679,41.26946304415756,24,-3.093762977649134,0.9236617517823186,-13.480026806914367,0,-3.1441230032998027,0.9696011734125416,-26.482195031619483,1,inf,0.9703925745546431,-42.492576984405474,37,inf,0.8724743587424522,-41.12216850827974,89,-3.587079256402281,0.7007279433055993,-24.777540585706987,27,-4.282393119233237,0.9285071812109629,nan,-1,nan,nan
2024-09-28T04:03:53,-174.926,-24.74411598872831,27,-4.242042441501326,0.9285941096694357,4.468981770634855,2,-3.065118657354051,0.6825223744065047,19.476625814060554,0,-3.4510475907656954,0.9903067950719757,41.30288764113624,24,-3.0839685819751095,0.923137182637569,-13.480026806914367,0,-3.070413043114645,0.9581006652296171,-26.482195031619483,1,inf,0.975096776306568,-42.492576984405474,37,inf,0.8775805787979489,-41.12216850827974,89,-3.623785890331705,0.7035803608524629,nan,-1,nan,nan,nan,-1,nan,nan
2024-09-29T04:03:33,-174.024,nan,-1,nan,nan,38.49522149492742,34,-3.177993194932389,0.6401145291743591,19.476625814060554,0,-3.2900816138977538,0.9952613306118188,41.30288764113624,24,-3.076750259732543,0.921812290573804,-7.497023947731293,4,-3.134727125433056,0.9268582834459002,-24.677266794770958,1,-3.3370078684508493,0.9783541812006451,-42.492576984405474,37,inf,0.8806106191856782,-41.12216850827974,89,-3.660931846244037,0.7064542966534191,nan,-1,nan,nan,-51.48379357166942,75,-4.229776688169395,0.7240078279809804
